{
  "test_rmse": 16.990766822794154,
  "test_mae": 8.046317100524902,
  "test_r2": -0.2580544948577881,
  "test_coverage_95": 0.4375,
  "test_mean_var": 1.6843852996826172,
  "test_n_valid_targets": 16,
  "ensemble_test_rmse": 17.001086032060755,
  "ensemble_test_mae": 8.078790664672852,
  "ensemble_test_r2": -0.25958311557769775,
  "ensemble_test_coverage_95": 0.375,
  "ensemble_test_mean_var": 1.3793591260910034,
  "ensemble_test_n_valid_targets": 16
}