{
  "BTC": 0.030360562832122955,
  "ETH": 0.03967976520169768,
  "SOL": 0.051207312593034696,
  "BNB": 0.03674577813850548,
  "XRP": 0.04137516760529088,
  "ADA": 0.047095592727827346,
  "AVAX": 0.05114475218327461,
  "DOT": 0.04479666749906316,
  "TRX": 0.03427616093930683,
  "TON": 0.05254894653211706,
  "NEAR": 0.05636743454592114,
  "ATOM": 0.04967044688418437,
  "APT": 0.046819009955041346,
  "SUI": 0.0530723669298302,
  "HBAR": 0.04673077979529115,
  "ICP": 0.049996442744838165,
  "ALGO": 0.04937146333036789,
  "XLM": 0.04288304263920355,
  "SEI": 0.0559681622641031,
  "TIA": 0.10111249644671792,
  "XMR": 0.039973124935271276,
  "ARB": 0.07900322805467531,
  "OP": 0.05204109933368482,
  "POL": 0.06946413444616711,
  "IMX": 0.111468558473093,
  "STRK": 0.04821317271966804,
  "MNT": 0.17891183336964248,
  "ZK": 0.06268826606321148,
  "LINK": 0.050776104633102566,
  "UNI": 0.11690748345345,
  "AAVE": 0.050435081920088595,
  "MKR": 0.04791322143650535,
  "LDO": 0.06473832314291922,
  "CRV": 0.060066453407287404,
  "SNX": 0.0642344303405607,
  "COMP": 0.21573026682085858,
  "SUSHI": 0.0585141546161163,
  "GMX": 0.12030497246667095,
  "PENDLE": 0.06561474632060459,
  "ENA": 0.07020870244174898,
  "FXS": 0.05390424436419161,
  "ENS": 0.050586050833786415,
  "CRO": 0.0422757292834451,
  "OKB": 0.039589343764208855,
  "LEO": 0.02033718906073747,
  "HYPE": 0.11613910190414528,
  "DOGE": 0.04633809461728139,
  "SHIB": 0.05490744390398258,
  "PEPE": 0.07579068819749234,
  "WIF": 0.07273595283671908,
  "BONK": 0.07967408065417286,
  "FLOKI": 0.06827297761195755,
  "CAKE": 0.045424175999731815,
  "1INCH": 0.04628631157253095,
  "ANKR": 0.051150041244547875,
  "BAT": 0.0483746603207221,
  "RSR": 0.06306537832010237,
  "OCEAN": 0.06284716579193371,
  "FET": 0.06218601476546776,
  "RENDER": 0.06512016054181834,
  "AUDIO": 0.05281424937242844,
  "AKT": 0.061836291356870764,
  "WLD": 0.06168052345487867,
  "GRT": 0.09153098863569159,
  "IO": 0.04109840928383462,
  "HNT": 0.06137161401670567,
  "USDT": 0.0005008813913934325,
  "USDC": 0.0002820848952675846,
  "DAI": 0.0005307060072789439,
  "FDUSD": 1.0,
  "PYUSD": 0.0003762921756951325,
  "FIL": 0.05904745794566937,
  "AR": 0.06444964183867226,
  "PYTH": 0.0556354953771461,
  "INJ": 0.059806644360458606,
  "QNT": 0.05424346161693801,
  "LTC": 0.0427366511504961,
  "BCH": 0.04425700750707014,
  "ETC": 0.0455697554642841,
  "ZEC": 0.05062556021419544,
  "XTZ": 0.04845875802570774,
  "EOS": 0.048965251464927695,
  "CORE": 0.04232832461690919,
  "ORDI": 0.06685796192021426,
  "ONDO": 0.05163086214943285,
  "SAND": 0.0530371042531445,
  "MANA": 0.05291009921721124,
  "AXS": 0.05274411815695864,
  "GALA": 0.05825570846246837,
  "JUP": 0.1628136197851014,
  "RAY": 0.05665103270262281,
  "W": 0.058452136489874726,
  "DYDX": 0.054026254131903505,
  "EGLD": 0.047993116581206995,
  "FLOW": 0.05002942959915489,
  "FTM": 0.06890480941451405,
  "KAS": 0.05207610590101077,
  "RUNE": 0.06479151788208917,
  "THETA": 0.056505514014367215,
  "VET": 0.0492669413876949
}